{"HNet Loss": 56.382328033447266, "_timestamp": 1659908104, "_runtime": 2963, "_step": 510, "Adjoint Net Loss": 5.291192337608663e-07, "_wandb": {"runtime": 2964}}