{"Running Cost": -5196.836462285837, "_timestamp": 1659556370, "_runtime": 1576, "_step": 3480, "HNet Loss": 203.94720458984375}