{"Reward": [-20361.987233072334, -19697.404981386597, -22068.741439311732, -25633.50060150141, -19199.61022076506, -20600.578958602346, -18798.566326560845, -18816.724771044126, -18466.143542985297, -21913.479883678054, -21388.02948337424, -23077.156797397263, -24407.086218273784, -20219.601202163652, -20430.801083910905, -18591.375988494845, -24658.822538252505, -20300.525375861333, -22261.105374691684, -20824.06650533245, -18741.78689549741, -19249.796767791075, -16374.138307621983, -18947.527432581624, -21607.47925875165, -21948.45367165369, -19043.469777473932, -19840.118768167446, -20442.815971274915, -21561.52744367335, -17194.294606654865, -23242.329406586192], "_timestamp": 1659232124, "_runtime": 2599, "_step": 3710, "Loss": 3.4178068744949996e-05, "_wandb": {"runtime": 2601}}