{"Reward": -1548.015219224036, "_timestamp": 1659233544, "_runtime": 84, "_step": 3206, "HNet Loss": 58.833961486816406}