{"Reward": -8602.266041387149, "_timestamp": 1659233669, "_runtime": 82, "_step": 3204, "HNet Loss": 397.9958801269531}