{"HNet Loss": 378.6227111816406, "_timestamp": 1659564984, "_runtime": 4473, "_step": 519, "Adjoint Net Loss": 0.014963282272219658, "_wandb": {"runtime": 4475}}