{"HNet Loss": 53.92162322998047, "_timestamp": 1659559909, "_runtime": 2562, "_step": 510, "Adjoint Net Loss": 5.353322194423527e-07, "_wandb": {"runtime": 2563}}