{"HNet Loss": 236.34381103515625, "_timestamp": 1660415859, "_runtime": 2598, "_step": 513, "Adjoint Net Loss": 0.004937910474836826, "_wandb": {"runtime": 2599}}