{"HNet Loss": 100.46885681152344, "_timestamp": 1659903736, "_runtime": 2734, "_step": 510, "Adjoint Net Loss": 4.860553417529445e-06, "_wandb": {"runtime": 2735}}