{"Reward": -35350.46276482671, "_timestamp": 1659233282, "_runtime": 169, "_step": 3221, "HNet Loss": 2743.515625}