{"Reward": -10750.00365870289, "_timestamp": 1659233381, "_runtime": 75, "_step": 3203, "HNet Loss": 596.8060913085938}