{"Reward": [-3.3016785678668037, 0.18014827862987426, -0.8688962775801068, -0.454042084321026, -1.3869950292169095, -3.6093584150127267, -2.2020456764992202, -1.551277656570866, -1.3178469574363625, -0.6187107901518667, -2.6518716589094877, 1.832677888266116, -2.6595401953976756, -2.8313591294000515, -3.44126252177384, -1.2893674627475864, -1.7964572048456375, -2.989705535303937, -5.099589392272051, -3.1239635207555994, -0.3176960331942995, -1.0477819688584735, 1.679363243493618, 1.4052901894033951, 1.9690658122017357, -0.8937811901738657, -1.320432141591514, -0.5614204610247233, 1.9036593963622659, 2.4678727091991313, 1.4170536264270064, 0.03405939551037651], "_timestamp": 1659232652, "_runtime": 29, "_step": 1314}